Fr,c,s,o
1.9999999999999998,0.9995,0.5,1.0
1.9999999999999998,0.9995,0.5,2.0
1.9999999999999998,0.9995,1.5,1.0
1.9999999999999998,0.9995,1.5,2.0
1.9999999999999998,1.0005,0.5,1.0
1.9999999999999998,1.0005,0.5,2.0
1.9999999999999998,1.0005,1.5,1.0
1.9999999999999998,1.0005,1.5,2.0
5.0,0.9995,0.5,1.0
5.0,0.9995,0.5,2.0
5.0,0.9995,1.5,1.0
5.0,0.9995,1.5,2.0
5.0,1.0005,0.5,1.0
5.0,1.0005,0.5,2.0
5.0,1.0005,1.5,1.0
5.0,1.0005,1.5,2.0
